id,name
1270260,State of Haryana
1269750,Republic of India
1271231,Ghura
1257986,Rumbak
1348747,Bankra
1252738,Yeola
1252744,Yellapur
1252773,Yaval
1252840,Wokha
1252925,Warora
1252946,Waraseoni
1253041,Wadi
1253132,Virarajendrapet
1253133,Virar
1253219,Vettaikkaranpudur
1253330,Vedaraniyam
1253340,Vayalar
1253357,Vasudevanallur
1253605,Vadakku Valliyur
1253671,Usilampatti
1253698,Uravakonda
1253702,Uran
1253736,Upleta
1253744,Uppal Kalan
1253747,Unnao
1253750,Unjha
1253786,Un
1253805,Umreth
1253807,Umred
1254043,Turaiyur
1254282,Todaraisingh
1254304,Titlagarh
1254317,Tisaiyanvilai
1254335,Tiruvalla
1254727,Terdal
1254732,Teonthar
1254794,Tekkali
1254797,Tekari
1254868,Tarn Taran
1254909,Tarana
1254953,Tanuku
1255027,Tanakpur
1255076,Talwara
1255104,Taloda
1255121,Taliparamba
1255131,Taleigao
1255211,Taki
1255344,Suriapet
1255483,Suluru
1255488,Sultanpur
1255551,Suket
1255597,Suar
1255620,Srivaikuntam
1255621,Srisailam
1255625,Sriramnagar
1255630,Sriperumbudur
1255714,Sopur
1255762,Songadh
1255788,Sonari
1255860,Sojat
1255884,Sohagpur
1255925,Siwana
1255927,Siwan
1255963,Sitarganj
1256029,Siruguppa
1256039,Sirsilla
1256176,Singarayakonda
1256184,Singanallur
1256333,Sikka
1256369,Sidhi
1256372,Sidhauli
1256382,Siddhapur
1256418,Shujalpur
1256539,Shiggaon
1256558,Shertallai
1256722,Shahpur
1256913,Sehore
1256922,Secunderabad
1256929,Sayla
1256959,Savda
1256989,Sathyamangalam
1257093,Sarwar
1257191,Sardulgarh
1257198,Sardarshahr
1257307,Saoner
1257409,Sangola
1257410,Sangod
1257429,Sangaria
1257456,Sandur
1257477,Sanchor
1257481,Sanawad
1257528,Samdari
1257542,Sambalpur
1257698,Sakleshpur
1257751,Sainthia
1257936,Rusera
1258111,Robertsganj
1258229,Remuna
1258247,Rehli
1258278,Raybag
1258294,Raxaul
1258342,Ratlam
1258386,Rasipuram
1258584,Rampura
1258952,Raisen
1258967,Raipur
1259154,Pusad
1259243,Punalur
1259263,Puliyangudi
1259508,Pithapuram
1259535,Piriyapatna
1259552,Pipri
1259608,Pipar
1259693,Pilani
1259701,Pihani
1259879,Periyakulam
1260040,Pattukkottai
1260129,Patharia
1260135,Pathardi
1260141,Pathalgaon
1260178,Patamundai
1260421,Paonta Sahib
1260527,Pandua
1260612,Panagar
1260718,Pali
1261012,Osmanabad
1261110,Nuzvid
1261205,Nongstoin
1261342,Neem ka Thana
1261369,Nimbahera
1261539,Nelamangala
1261667,Navalgund
1261705,Nattam
1259229,Pune
1273840,Connaught Place
1273293,National Capital Territory of Delhi
1273294,Delhi
1264031,Malpura
1266510,Kiraoli
1279275,Aghapur
1268571,Kakarmatha
1267806,Karchana
1273690,Dahmi
1276632,Bechiwara
1255053,State of Tamil Nadu
1259434,Polur
1267701,State of Karnataka
1268189,Kanakapura
1268980,Jharol
1257896,Sadabad
1273909,Churachandpur
1276533,Belgaum
1269920,Hubli
1278647,Union Territory of Andaman and Nicobar Islands
1259385,Port Blair
1254710,Tezpur
1252758,Yelahanka
1252770,Yavatmal
1252822,Yadgir
1252887,Wellington
1252892,Wazirganj
1252908,Washim
1252919,Warud
1252930,Waris Aliganj
1252958,Wankaner
1252960,Wani
1252997,Walajapet
1253013,Wai
1253074,Vyara
1253077,Vuyyuru
1253091,Vite
1253095,Visnagar
1253127,Viravanallur
1253150,Vinukonda
1253166,Villupuram
1253182,Vikarabad
1253193,Vijapur
1253200,Vidisha
1253220,Vetapalem
1253242,Vepagunta
1253251,Venkatagiri
1253275,Vemalwada
1253278,Velur
1253315,Vejalpur
1253352,Vattalkundu
1253363,Vasind
1253367,Vasco Da Gama
1253374,Vasa
1253392,Varkkallai
1253403,Varangaon
1253437,Vaniyambadi
1253452,Vandavasi
1253468,Valsad
1253472,Valparai
1253482,Vallabh Vidyanagar
1253512,Valabhipur
1253544,Vaikam
1253545,Vaijapur
1253577,Vadnagar
1253578,Vadlapudi
1253579,Vadippatti
1253595,Vadamadurai
1253610,Vada
1253623,Uttiramerur
1253635,Uttamapalaiyam
1253638,Utraula
1253754,Unhel
1253782,Una
1253783,Una
1253785,Un
1253860,Umarkot
1253861,Umarkhed
1253863,Umaria
1253870,Umarga
1253888,Ullal
1253894,Ulhasnagar
1253944,Udumalaippettai
1253956,Udhampur
1253958,Udgir
1253972,Udankudi
1253977,Udalguri
1253984,Udaipura
1253985,Udaipur
1253987,Udaipur
1254000,Uchana
1254069,Tundla
1254080,Tumsar
1254102,Tulsipur
1254111,Tuljapur
1254131,Tufanganj
1254133,Tuensang
1254241,Tonk
1254249,Tondi
1254274,Tohana
1254283,Todabhim
1254309,Titagarh
1254322,Cheyyar
1254342,Thiruthani
1254343,Tiruttangal
1254346,Tirur
1254347,Tiruppuvanam
1254373,Tirumala
1254377,Tirukkoyilur
1254385,Tiruchengode
1254390,Tiruchchendur
1254396,Tirthahalli
1254420,Tiptur
1254432,Tinsukia
1254436,Tinnanur
1254444,Tindivanam
1254481,Tilhar
1254534,Tikamgarh
1254538,Tijara
1254570,Thoubal
1254624,Thasra
1254638,Tharad
1254673,Thana Bhawan
1254675,Than
1254694,Thakurganj
1254695,Thakurdwara
1254744,Thenkasi
1254745,Teni
1254780,Thalassery
1254787,Telhara
1254795,Tekkalakote
1254813,Teghra
1254858,Tasgaon
1254880,Tarikere
1254904,Tharangambadi
1254908,Taranagar
1254910,Taramangalam
1254912,Tarakeswar
1254948,Taoru
1255004,Tandur
1255023,Tanda
1255024,Tanda
1255082,Talwandi Bhai
1255122,Talikota
1255134,Talegaon Dabhade
1255143,Talcher
1255212,Takhatpur
1255213,Takhatgarh
1255224,Tajpur
1255254,Tadpatri
1255264,Tadepallegudem
1255265,Tadepalle
1255346,Surianwan
1255349,Surendranagar
1255361,Suratgarh
1255372,Surandai
1255396,Supaul
1255425,Sunel
1255434,Sundarnagar
1255449,Sunam
1255482,Sulya
1255484,Sulur
1255616,Srivilliputhur
1255619,Srivardhan
1255631,Srinivaspur
1255643,Sri Madhopur
1255646,Karanpur
1255654,Sri Dungargarh
1255667,Soygaon
1255704,Soron
1255705,Soro
1255712,Sorada
1255744,Sonipat
1255792,Sonamukhi
1255816,Sompeta
1255823,Someshwar
1255850,Solan
1255858,Sojitra
1255870,Sohna
1255947,Sivakasi
1255950,Sivagiri
1255951,Sivagiri
1255983,Sitamarhi
1255995,Siswa Bazar
1256003,Sisauli
1256025,Sirur
1256027,Sirumugai
1256040,Sirsi
1256047,Sirsi
1256050,Sirsaganj
1256052,Sirsa
1256064,Sironj
1256067,Sirohi
1256075,Sirkazhi
1256087,Sirhind
1256119,Sinnar
1256124,Singur
1256207,Sindhnur
1256214,Sindgi
1256246,Simdega
1256269,Sillod
1256287,Silchar
1256295,Silao
1256320,Sikar
1256322,Sikandra Rao
1256328,Sikandarpur
1256329,Sikandarabad
1256335,Sijua
1256340,Sihora
1256343,Sihor
1256363,Sidlaghatta
1256377,Siddipet
1256422,Shrirampur
1256426,Shrigonda
1256431,Shorapur
1256432,Shoranur
1256435,Sholinghur
1256468,Shishgarh
1256475,Shirpur
1256483,Shirhatti
1256489,Shirdi
1256529,Shikohabad
1256537,Shikarpur
1256569,Sherkot
1256572,Sherghati
1256593,Sheopur
1256597,Sheohar
1256598,Sheoganj
1256620,Shegaon
1256639,Shantipur
1256659,Shamsabad
1256660,Shamsabad
1256671,Shamli
1256673,Shamgarh
1256698,Shaikhpura
1256706,Shahpura
1256713,Shahpur
1256715,Shahpur
1256720,Shahpur
1256728,Shahjahanpur
1256731,Shahi
1256735,Shahganj
1256739,Shahdol
1256750,Shahada
1256752,Shahabad
1256753,Shahabad
1256755,Shahabad
1256759,Shahabad
1262963,State of Mizoram
1256812,Serchhip
1256814,Seram
1256823,Seoni Malwa
1256826,Seoni
1256828,Seondha
1256832,Seohara
1256854,Sendhwa
1256967,Savanur
1256968,Savantvadi
1256974,Sausar
1256983,Saundatti
1256995,Sattur
1257001,Sattenapalle
1257060,Satana
1257066,Sasvad
1257149,Sarkhej
1257196,Sardhana
1257219,Sarauli
1257237,Sarangpur
1257259,Saraipali
1257260,Sarai Mir
1257268,Sarai Akil
1257354,Sankrail
1257369,Sankeshwar
1257402,Sangrur
1257436,Sangamner
1257461,Sandi
1257476,Sancoale
1257482,Sanaur
1257486,Sanand
1257498,Samthar
1257503,Samrala
1257539,Sambhar
1257540,Sambhal
1257545,Samba
1257551,Samastipur
1257565,Samalkot
1257566,Samalkha
1257587,Salur
1257588,Salumbar
1257638,Salaya
1257673,Sakti
1257749,Saint Thomas Mount
1257762,Sailu
1257771,Saiha
1257776,Saidpur
1257794,Sahibganj
1257799,Sahawar
1257802,Sahaspur
1257804,Saharsa
1257830,Sagauli
1257851,Sagar
1257854,Safipur
1257855,Safidon
1257865,Sadri
1257890,Sadaseopet
1257895,Sadalgi
1257928,Sabalgarh
1257940,Rura
1257951,Rupnagar
1258012,Rudarpur
1258061,Ron
1258076,Rohtak
1258099,Roha
1258109,Robertsonpet
1258124,Risod
1258126,Rishra
1258140,Ringas
1258164,Richha
1258178,Rewari
1258186,Revelganj
1258201,Repalle
1258203,Reoti
1258207,Renukut
1258213,Renigunta
1258270,Razam
1258290,Rayadrug
1258291,Rayachoti
1258292,Raya
1258295,Rawatsar
1258297,Rawatbhata
1258307,Raver
1258347,Ratia
1258352,Rath
1258362,Ratanpur
1258366,Ratangarh
1258380,Rasra
1258406,Rapar
1258449,Ranipur
1258470,Raniganj
1258474,Ranibennur
1258477,Rania
1258492,Rangia
1258501,Rangapara
1258534,Ranavav
1258546,Ranaghat
1258553,Ramtek
1258581,Rampur Hat
1258592,Rampura
1258598,Rampur
1258639,Ramnagar
1258658,Ramjibanpur
1258677,Ramgarh
1258686,Ramgarh
1258692,Ramganj Mandi
1258698,Rameswaram
1258726,Ramapuram
1258756,Ramachandrapuram
1258786,Rajura
1258795,Rajula
1258797,Rajsamand
1258803,Rajpura
1258815,Rajpur
1258816,Rajpur
1258819,Rajpipla
1258831,Raj Nandgaon
1258843,Rajmahal
1258859,Rajgurunagar
1258864,Rajgir
1258868,Rajgarh
1258869,Rajgarh
1258875,Rajgarh
1258876,Rajgarh
1258891,Rajauri
1258916,Rajapalaiyam
1258922,Rajampet
1258928,Rajaldesar
1258930,Rajakhera
1258950,Raisinghnagar
1258993,Raikot
1259004,Raigarh Fort
1259005,Raigarh
1259019,Rahuri
1259026,Rahimatpur
1259034,Rahatgarh
1259049,Raghunathpur
1259056,Raghogarh
1259060,Rafiganj
1259064,Rae Bareli
1259069,Radhanpur
1259083,Rabkavi
1259108,Qasba
1259110,Qadian
1259123,Puttur
1259124,Puttur
1259157,Purwa
1259166,Purnia
1259177,Purna
1259190,Puranpur
1259210,Pupri
1259222,Punjai Puliyampatti
1259228,Punganuru
1259231,Pundri
1259239,Punasa
1259244,Punahana
1259251,Pulwama
1259264,Pulivendla
1259272,Pulgaon
1259283,Pukhrayan
1259312,Proddatur
1259338,Pratapgarh
1259388,Porsa
1259400,Poonamalle
1259408,Ponnuru
1259409,Ponneri
1259411,Ponnani
1259429,Ponda
1259440,Pollachi
1259446,Polasara
1259460,Pokaran
1259530,Piro
1259541,Piravam
1259554,Pipraich
1259630,Pinjaur
1259638,Pindwara
1259647,Pinahat
1259652,Pimpri
1259680,Pilkhua
1259686,Pilibhit
1259688,Pilibangan
1259735,Phulpur
1259744,Phulera
1259773,Phirangipuram
1259775,Phillaur
1259784,Phek
1259801,Phaphund
1259811,Phaltan
1259813,Phalodi
1259818,Phalauda
1259827,Phagwara
1259841,Petlad
1259855,Perundurai
1259857,Perumpavur
1259878,Periyanayakkanpalaiyam
1259890,Peravurani
1259892,Peranampattu
1259905,Penukonda
1259907,Penugonda
1259916,Pennagaram
1259917,Pennadam
1259931,Pen
1259939,Pehowa
1259954,Peddapuram
1259961,Peddapalli
1259986,Pedana
1259994,Payyannur
1260003,Pawayan
1260014,Pavagada
1260022,Pauni
1260035,Patur
1260082,Patnagarh
1260107,Patiala
1260120,Pathri
1260134,Pathardih
1260137,Pathankot
1260156,Pataudi
1260168,Patancheru
1278341,State of Arunachal Pradesh
1260206,Pasighat
1260210,Pasan
1260221,Parvatsar
1260222,Parvatipuram
1260228,Partur
1260274,Parola
1260290,Parli Vaijnath
1260296,Parlakimidi
1260313,Parichhatgarh
1260335,Pardi
1260354,Paravur
1260368,Parasia
1260387,Paramagudi
1260393,Paradip Garh
1260406,Pappinisseri
1260417,Papanasam
1260434,Panvel
1260448,Panruti
1260476,Panipat
1260482,Panihati
1260543,Pandhurna
1260546,Pandharpur
1260553,Pandavapura
1260667,Paloncha
1260674,Palmaner
1260681,Pallippatti
1260685,Pallikondai
1260694,Pallappatti
1260697,Palladam
1260702,Palkonda
1260707,Palitana
1260713,Palia Kalan
1260728,Palakkad
1260730,Palghar
1260734,Palera
1260771,Palasa
1260777,Palanpur
1260792,Palakollu
1260793,Palakkodu
1260824,Pakaur
1260830,Pakala
1260833,Paithan
1260868,Pahasu
1260909,Padrauna
1260911,Padra
1260918,Padmanabhapuram
1260938,Padampur
1260940,Padampur
1260954,Pachperwa
1260959,Pachora
1261008,Ottappalam
1261039,Orai
1261066,Okha
1261068,Ojhar
1261086,Obra
1261122,Nurpur
1261181,North Lakhimpur
1261186,North Guwahati
1261227,Nokha
1261234,Nohar
1261242,Noamundi
1261285,Nirmali
1261309,Nipani
1261375,Nimaparha
1261378,Nimaj
1261382,Nilokheri
1261394,Nileshwar
1261396,Nilanga
1261401,Nilakottai
1261402,Nilgiri
1261415,Nihtaur
1261446,Nidadavole
1261451,Nichlaul
1261470,Neyyattinkara
1261512,Neral
1261517,Nepa Nagar
1261532,Nellikkuppam
1261553,Nedumangad
1261567,Nayudupeta
1261598,Nawashahr
1261613,Nawalgarh
1261614,Niwai
1261631,Nawada
1261639,Nawabganj
1261641,Nawabganj
1261642,Nawabganj
1261647,Nawa
1261669,Navadwip
1261672,Nautanwa
1261696,Naugachhia
1261711,Nathdwara
1261721,Nasrullahganj
1261722,Nasriganj
1261726,Naspur
1261727,Nasirabad
1261736,Narwar
1261739,Narwana
1261748,Narsipatnam
1261752,Narsinghgarh
1261754,Narsimhapur
1261771,Narnaund
1261772,Narnaul
1261800,Nargund
1261810,Naregal
1261823,Narayanpet
1261828,Narayangarh
1261835,Naravarikuppam
1261839,Narauli
1261848,Narasaraopet
1261852,Narasapur
1261853,Narasannapeta
1261871,Naraini
1261872,Naraina
1261882,Napasar
1261901,Nanpara
1261910,Nanjangud
1261922,Nangal Township
1261927,Nandyal
1261931,Nandurbar
1261932,Nandura
1261957,Nandikotkur
1261960,Nandigama
1261971,Nandgaon
1261998,Nanauta
1262013,Namrup
1262034,Nambiyur
1262040,Namagiripettai
1262065,Nalhati
1262067,Nalgonda
1262073,Naldurg
1262089,Nakur
1262092,Naksalbari
1262097,Nakodar
1262109,Najibabad
1262115,Nainwa
1262116,Nainpur
1262117,Naini Tal
1262131,Naihati
1262140,Nahorkatiya
1262151,Nahan
1262187,Nagod
1262200,Nagina
1262204,Nagercoil
1262216,Nagaur
1262230,Nagar Karnul
1262240,Nagari
1262266,Nagamangala
1262292,Nadiad
1262296,Nadbai
1262302,Nadapuram
1262318,Nabinagar
1262319,Nabha
1262332,Muzaffarnagar
1262338,Muvattupula
1262346,Muttupet
1262380,Musiri
1262382,Mushabani
1262395,Murwara
1262410,Murtajapur
1262419,Murliganj
1262426,Morinda
1262444,Murbad
1262453,Muradnagar
1262463,Munnar
1262482,Munger
1262484,Mungeli
1262485,Mungaoli
1262491,Mundwa
1262497,Mundra
1262510,Mundgod
1262516,Mundargi
1262534,Multai
1262546,Mulki
1262553,Mulgund
1262562,Mulbagal
1262566,Mulappilangad
1262574,Mul
1262578,Muktsar
1262591,Mukher
1262596,Mukerian
1262624,Muhammadabad
1262625,Muhammadabad
1262626,Muhammadabad
1262651,Mudkhed
1262663,Mudhol
1262664,Mudgal
1262669,Muddebihal
1262672,Mudbidri
1262678,Mubarakpur
1262710,Motihari
1262734,Morwa
1262740,Morsi
1262775,Morbi
1262783,Morar
1262794,Moram
1262801,Moradabad
1262824,Mon
1262843,Mokokchung
1262852,Mokama
1262863,Moirang
1262951,Moga
1262958,Modasa
1262988,Misrikh
1263012,Mirialguda
1263015,Mirganj
1263021,Miranpur Katra
1263022,Miranpur
1263034,Minjur
1263051,Milak
1263057,Mihona
1263083,Mhasvad
1263101,Mettur
1263103,Mettupalayam
1263120,Merta
1263142,Mendarda
1263148,Memari
1263151,Melur
1263185,Mehndawal
1263195,Mehekar
1263220,Medinipur
1263247,Mayiladuthurai
1263255,Mayang Imphal
1263275,Mawana
1263280,Mavoor
1263285,Mavelikara
1263293,Maur
1263300,Mauganj
1263303,Maudaha
1263306,Mau Aimma
1263309,Mau
1263311,Mau
1263331,Mattanur
1263395,Matabhanga
1263427,Masaurhi Buzurg
1263494,Marmagao
1263504,Markapur
1263522,Mariani
1263523,Mariahu
1263528,Marhaura
1263532,Margherita
1263564,Marakkanam
1263567,Marahra
1263580,Mapuca
1263591,Manwat
1263594,Manvi
1263610,Manthani
1263622,Mansa
1263623,Mansa
1263659,Mannargudi
1263661,Mannarakkat
1263664,Manmad
1263678,Mankachar
1263684,Manjlegaon
1263691,Manjhanpur
1263694,Manjeri
1263723,Manihari
1263730,Maniar
1263744,Mangrul Pir
1263751,Mangrol
1263787,Mangaldai
1263917,Mandal
1265007,Laungowal
1266258,Kolasib
1267923,Kapren
1269670,Islamnagar
1270800,Gudiyatham
1271213,Giddalur
1271929,Fatehganj West
1273892,Churu
1275050,Burla
1275066,Burhar
1275068,Burhanpur
1277362,Bandikui
1277409,Banat
1278100,Ayakudi
1278343,Arumuganeri
1278742,Amod
1279227,Ahmadpur
1253372,Vasai
1271881,Firozpur Jhirka
1264542,State of Madhya Pradesh
1262191,Nagla Dhimar
1276559,Belanganj
1258899,State of Rajasthan
1276808,Barwara
1267506,Kathara
1270675,Gunjrauliya
1263706,State of Manipur
1260607,Panaji
1271476,Guwahati
1269321,Jammu
1267648,Karur
1252646,Keelakarai
1252653,Zunheboto
1252692,Zamania
1252699,Zahirabad
1252745,Yellandu
1252795,Yanam
1252885,Wer
1252956,Wanparti
1253080,Vriddhachalam
1253105,Visavadar
1253113,Virudunagar
1255383,Surajgarh
1255635,Srinagar
1262209,Nagda
1262253,Nagar
1269665,Islampur
1273880,Clement Town
1275016,Byadgi
1275019,Buxar
1277338,Banga
1277358,Bandipura
1277398,Banda
1278122,Avanigadda
1278320,Asandh
1279334,Adra
1276151,Bhanpuri
1257567,Samalkha
1261481,New Delhi
1268379,Kalkaji Devi
1254129,Tughlakabad
1269734,Indraprast
1271951,Faridabad
1277558,Ballabgarh
1259523,Pirthala
1260637,Palwal
1278146,Aurangabad
1263629,Manpur
1270000,Hodal
1266073,Kosi
1253626,State of Uttar Pradesh
1274343,Chhata
1257810,Sahar
1269501,Jait
1263364,Mathura
1271059,Gokul
1271956,Farah
1256323,Sikandra
1279259,Agra
1276115,Bharkol
1271900,Fatehpur Sikri
1276128,Bharatpur
1256772,Sewar
1264720,Luharu
1270495,Halena
1260124,Pathena
1264323,Mahwah
1260072,Patoli
1264746,Lotwara
1263630,Manpur
6698412,Abhaneri
1272328,Dubbi
1276188,Bhandarej
1273369,Dausa
1269142,Jatwara
1277225,Banskhoh
1276767,Basi
1268000,Kanota
1269515,Jaipur
1278809,amer
1272978,Dhand
1274671,Chandwaji
1263649,Manoharpur
1256705,Shahpura
1276373,Bhabhru
1259347,Pragpura
1265961,Kotputli
1276589,Behror
1261330,Nimrana
1256727,Shahjahanpur
1270785,Gugal Kota
1254967,Tankri
1276666,Bawal
1277698,Bakapur
1272822,Dharuhera
1277803,Bahora
1267621,Kasan
1267034,Khandsa
1270642,Gurgaon
1273292,Delhi Cantonment
1264352,Mahrauli
6619396,Asian Games Village
1273435,Darya Ganj
1269125,Jawaharnagar
1253405,Varanasi
1258642,Ramnagar
1262634,Mughal Sarai
1271284,Ghoghapur
1269552,Jahangirabad
1274511,Chaukhandi
1275907,Bhita
1277167,Bara
1276986,Bargarh
1273771,Dabhaura
1257022,Satna
1255873,Sohawal
1269172,Jaso
1260454,Panna
1278007,Badarpur
1263690,Manjhaoli
1275120,Bulandshahr
1256532,Shikarpur
1279231,Ahmadgarh
1272653,Dibai
1261837,Naraura
1258665,Ramghat
1257356,Sankra
1257800,Sahaswan
1257773,Saifullahganj
1253918,Ujhani
1268546,Kakora
1268540,Kakrala
1253673,Usehat
1259061,Rafiabad Kalan
1262994,Mirzapur
1269447,Jalalabad
1278990,Allahganj
1276588,Behta Gokul
1270370,Hardoi
1256654,Shamspur
1268726,Kachhauna
1257459,Sandila
1268592,Kaithan Khera
1264085,Malihabad
1264362,Mahmudnagar
1268545,Kakori
1275683,Bijnaur
1264733,Lucknow
1274589,Charbagh
1270890,Goshainganj
1257005,Satrikh
1252698,Zaidpur
1254536,Tikaitnagar
1260364,Paraspur
1266617,Khurasa
1258244,Rehra Bazar
1276184,Bhandaria
1272424,Domariaganj
1269639,Itwa
1271030,Golhaura
1274204,Chilia
1275522,Birdpur
1279018,Aligarh
1264418,State of Maharashtra
1278302,Asegaon
1269372,Jamalpur
1264773,Loni
1255895,Sodarpur
1256248,Simauri
1258972,Raipur
1253986,Udaipur
1258834,Rajnagar
1267311,Kelwa
1273143,Desuri
1260716,Pali
1268865,Jodhpur
1271889,Fedusar
1269507,Jaisalmer
1265944,Kotri
1259148,Pushkar
1279159,Ajmer
1267995,Kanpur
1273854,Collectorganj
1265567,Kunwar
1275715,State of Bihar
1271439,Gaya
1275389,Bodh Gaya
1275339,Mumbai
6619349,Breach Candy
1271181,Girgaum
1269320,State of Jammu and Kashmir
1252797,Yamunanagar
1270855,Govindgarh
1268525,Kala
1267154,Khajuraho
1270770,State of Gujarat
1257568,Samalji
1266776,Kheradi
1274369,Chhala
1257921,Sabarmati
1279233,Ahmadabad
1255175,Talaja
1262219,Nagasari
1273287,Delvada
1271155,Union Territory of Daman and Diu
1271090,Gogola
1272502,Diu
1272371,Dores
1259480,Podame
1273541,Dangrawari
1262154,Nagwa
1278629,State of Andhra Pradesh
1445294,Dosuwada
1278277,Asirgarh
1261029,State of Odisha
1257073,Sason
1267826,Kararkhera
1276201,Bhamora
1275793,Bhundsi
1260877,Paharganj
1269519,Jaipur
1270644,Gurgaon
1257905,Sabzi Mandi
6993352,Padampur
6994366,Milkia
6994417,Nagaria Ahiran
6994764,Manjha
1253916,Ujiarpur
1262995,Mirzapur
1279262,agra
1270171,Haveri
1252765,Yechagam
1260086,Patna
8131499,Konkan Division
1264527,Chennai
6695236,Kanija Bhavan
1266128,Koraput
1267254,State of Kerala
1167718,Punch
1261913,Nangloi Jat
8051054,Chittaranjan Park
1258847,Rajkot
1266146,Kora
1265169,Lalganj
1269844,Hyderabad
1269843,Hyderabad
1264089,Mali and Munjeri
7304082,Vazhuthacaud
1465730,Park Town
1254661,Thane
1269743,Indore
1274744,Union Territory of Chandigarh
1274746,Chandigarh
1259223,State of Punjab
1268782,Jalandhar
1265874,Kozhikode
1265873,Calicut
8131500,Nagpur Division
1262180,Nagpur
1254176,Trimulgherry
6690107,Kakaguda
1269439,Jalalpur
1271308,Ghaziabad
1272018,Ernakulam
1269633,Jabalpur
1253573,Vadodara
1270101,State of Himachal Pradesh
1256237,Shimla
1254360,Tirupati
1272892,Dhar
1268295,Kalyan
1263780,Mangalore
1274220,Chikmagalur
1272013,Erode
1256515,Shimoga
1262321,Mysore
1271715,Gandhinagar
1264521,Madurai
1444366,State of Uttarakhand
1278010,Badarinath
1265911,Kottayam
1257845,Sagar
1274165,Chinchvad
1275841,Bhopal
1253184,Vijayawada
1272140,Dwarka
1270498,Haldwani
1252942,Wardha
1256436,Solapur
1262374,Mussoorie
1259424,Union Territory of Puducherry
1259425,Puducherry
1271157,State of Goa
1278253,State of Assam
1263214,Meerut
1261529,Nellore
1252881,State of West Bengal
1270396,Haora
8131498,Aurangabad Division
1278149,Aurangabad
1270022,Hisar
1270583,Gwalior
1254361,Tirunelveli
1254089,Tumkur
1263207,State of Meghalaya
1256523,Shillong
1279228,Ahmadnagar
1254649,Thanjavur
1278974,Almora
1279105,Akola
1270239,Hassan
1444365,State of Jharkhand
1258526,Ranchi
7289568,Palakkad district
1264728,Ludhiana
1257055,Satara
1263814,Mandya
1254187,Trichur
1261288,Nirmal
1270668,Guntur
1269317,Jamnagar
7644927,Khordha
1275817,Bhubaneshwar
1278710,Amritsar
1259091,Kollam
1254169,State of Tripura
1279290,Agartala
1266976,Kharagpur
1279017,Aligarh
1279008,Alipur
1258182,Rewa
1276032,Bhavnagar
1271976,Faizabad
1275198,Brahmapur
1269006,Jhansi
1444364,State of Chhattisgarh
1275637,Bilaspur
1252948,Warangal
1272818,Dharwad
1269771,Imphal
1267708,Karnal
1264115,Malegaon
1272145,Dwarahat
1266285,Kolhapur
1258980,Raipur
1258744,Ramanagaram
1270351,Haridwar
1255953,Sivaganga
1259297,Pudukkottai
1274987,Cannanore
1258338,Ratnagiri
1277397,Banda
1264588,Madgaon
1278994,Allahabad
1271421,Georgetown
1259012,Raichur
1260138,Pathanamthitta
1254900,Tarapur
1253914,Ujjain
1275971,Bhilai
1272780,Dhenkanal
1278860,Ambala
1254327,Tiruvannamalai
1254808,Tehri
1253286,Vellore
1257629,Salem
1269935,Hospet
1277936,Bagalkot
1254331,Tiruvallur
1260440,Pantnagar
1263826,Mandvi
1272543,Dindigul
1276509,Bellary
1278946,Alwar
1265014,Latur
1278672,Anantapur
1275899,Bhiwani
1259503,Pithoragarh
1258289,Rayagada
1275716,Bihar Sharif
1269300,Jamshedpur
1278985,Alleppey
1277013,Bareilly
8131501,Nashik Division
1261731,Nasik
1263862,Mandi
1267616,Kasaragod
1266135,Korampallam
1260390,Paralakhemundi
1275665,Bikaner
1270711,Guna
1273802,Cuddalore
1265897,Kovakulam
1253952,Udipi
1279292,Agarpara
1277264,Bankura
1272513,Disa
1256451,Shivpuri
1262771,Morena
1271883,Firozpur
1258044,Roorkee
1266049,Kota
1264389,Mahesana
1274337,Chhatarpur
1256693,Shajapur
1253230,Verna
1276191,Bhandara
1257416,Sangli
1274056,Chitradurga
1270448,Hampi
1272051,Eluru
1267076,Khammam
1279344,Adilabad
1257431,Sangareddi
1261045,Ongole
1258932,Rajahmundry
1253084,Vizianagaram
1261258,Nizamabad
1259896,Perambalur
1258740,Ramanathapuram
1254589,Thiruvarur
1277091,Baramati
1273800,Cuddapah
1260016,Pauri
1273467,Darjiling
1263230,Medak
1254348,Tiruppur
1275812,Bhuj
1260671,Palani
1264154,Malappuram
1262260,Nagappattinam
1268159,Kanchipuram
1259184,Puri
1252984,Waltair
1269096,Jaykaynagar
1268977,Jharsuguda
1268561,Kakinada
1269873,Hunsur
1276388,Betul Bazar
1269939,Hoshangabad
1269910,Hugli
1269388,Jalpaiguri
1274166,Chinchpokli
1255046,Tamluk
1256421,Shrirangapattana
1253079,Vrindavan
1260173,Patan
1262271,State of Nagaland
1266366,Kohima
1263997,Mamallapuram
1255633,Sringeri
1270603,Guruvayur
1273313,Dehra Dun
1258128,Rishikesh
1254657,Thanesar
1254388,Tiruchchirappalli
1270996,Gonda
1262330,Muzaffarpur
1272979,Dhanbad
1267635,Karwar
1275738,Bidar
1255647,Srikakulam
1266122,Korba
1256525,Shiliguri
1274848,Chamba
1262039,Namakkal
1269751,Indi
1273780,Cuttack
1276988,Bargarh
1272552,Dimapur
1270927,Gorakhpur
1259592,Pipili
1254054,Tuni
1273618,Daman
1265683,Kumbakonam
1256388,Sibsagar
1273083,Devli
1265157,Lalitpur
1267267,Keonjhargarh
1274824,Champawat
1277599,Balasore
1272276,Duggirala
1254757,Tenali
1270994,Gondal
1264637,Machilipatnam
1279335,Adoni
1274033,Chittoor
1272832,Dharmsala
1258599,Rampur
1276058,Bhatpara
1267579,Kashipur
1276942,Baripada
1269723,Ingraj Bazar
1266305,Kolar
1273368,Davangere
1273726,Union Territory of Dadra and Nagar Haveli
1256259,Silvassa
1259009,Raiganj
1274256,Chidambaram
1255955,Siuri
1270164,Hazaribag
1278294,Ashta
1273712,Dagshai
1276948,Bari
1278405,Ariyalur
1273241,Deoghar
1265859,Krishnanagar
1270216,Hathras
1266616,Khurda
1272657,Diamond Harbour
1278593,Angul
1256949,Sawai Madhopur
1259163,Puruliya
1279396,Abu
1259395,Porbandar
1257806,Saharanpur
1255437,Sundargarh
1271850,Gadag
1260045,Patti
1276300,Bhagalpur
1270974,Gooty
1274714,Chandpur
1271992,Etah
1267336,Kekri
1265863,Krishnagiri
1264543,Madhyamgram
1271942,Farrukhabad
1277643,Balangir
1277907,Bageshwar
1260341,Parbhani
1276325,Bhadrakh
1258637,Ramnagar
1273265,Deoband
1277508,Balurghat
1253993,Ooty
1265451,Kushalnagar
1275701,Bijapur
1266014,Kotdwara
1268680,Kadi
1255969,Sitapur
1256104,Sira
1253237,Veraval
1264540,Madikeri
1264555,Madhubani
1255491,Sultanpur
1254046,Tura
1259756,Phulabani
1443470,Nagar
1276549,Belda
1349195,Chapra
1255763,Sonepur
1269477,Jajpur
1276736,Basti
1253628,Uttarkashi
1273919,Chunchura
1268327,Kalpetta
1276023,Bhawanipatna
1261580,Nayagarh
1274533,Chatrapur
1269581,Jagatsinghapur
1265973,Kot Kapura
1263967,Manali
1277935,Bagalur
1263852,Mandla
6619707,Kala Ghoda
1279311,Adyar
1267091,Khambhaliya
1262947,Mogalrajapuram
1273865,Coimbatore
1276867,Barpeta
1267283,Kendraparha
1436623,Fatehpur
1274984,Canning
1264385,Maheshwar
1262412,Murshidabad
1258455,Ranikhet
1277084,Baran
1264292,Mainpuri
1271223,Ghusuri
1277899,Bagh Bazar
1268403,Kalimpang
1270237,Hastinapur
1263046,Milkipur
1254163,Thiruvananthapuram
1260745,Palayam
7603116,Trichy
1260692,Pallavaram
1465625,Palavantangai
1270623,Gurpur
1254356,Tirupparangunram
7648816,Shamshabad
1266200,Kondotti
1269690,Irugur
1271613,Gannavaram
6695241,BIAL 2 Wheeler Parking
1266320,Kolagallu
6695208,Alok Mishra
8030622,Jagatpura
8051230,Ratanada
1268831,Jonapura
1260788,Palam
1266019,Kot Bhai
1259189,Pura Raghunath
1258903,Raja Sansi
1255588,Subedarganj
1277247,Banposh
1270210,Hatia
1262920,Mohanbari
1272576,Diju
1255784,Sonari Town
1254113,Tulihal
1260769,Palasbari
1271454,Gauripur
1277897,Baghdogra
1272965,Dhaneli
7357900,Viman Nagar
1266991,Khapri
1253774,Unchagao
1271717,Gandhidham
1276627,Bedi
1277008,Barela
1274258,Chicolna
1257531,Sambre
1276531,Belha
1274247,Chikalthan
1255939,Sivni
1253102,Vishakhapatnam
1255364,Surat
1255634,Srinagar
1263752,Mangrol
1263761,Manglaur
1263797,Mangalagiri
1263807,Maner
1263824,Mandvi
1263834,Mandsaur
1263879,Mandawar
1263898,Mandapeta
1263900,Mandapam
1263911,Mandalgarh
1263936,Mancheral
1263940,Manawar
1263943,Manavadar
1263949,Manasa
1263952,Manapparai
1263965,Manamadurai
1263968,Manali
1264007,Malvan
1264010,Malur
1264032,Malpura
1264037,Malpe
1264047,Mallasamudram
1264071,Malkapur
1264075,Malkangiri
1264111,Maler Kotla
1264136,Malavalli
1264138,Malaut
1264196,Makum
1264198,Maksi
1264206,Makrana
1264282,Mairwa
1264301,Mainaguri
1264317,Maihar
1264344,Mahudha
1264356,Maholi
1264359,Mahoba
1264363,Mahmudabad
1264368,Mahishadal
1264383,Mahgawan
1264395,Mahendragarh
1264398,Mahemdavad
1264403,Mahe
1264407,Mahbubnagar
1264409,Mahbubabad
1264414,Mahasamund
1264433,Maharajganj
1264436,Maharajganj
1264455,Maham
1264457,Mahalingpur
1264489,Mahad
1264504,Maghar
1264514,Magadi
1264520,Madurantakam
1264523,Madukkur
1264524,Madukkarai
1264551,Madhupur
1264553,Madhugiri
1264570,Madhipura
1264592,Maddur
1264621,Madanapalle
1264643,Machhlishahr
1264644,Machhiwara
1264647,Macherla
1264688,Lunglei
1264700,Lunavada
1264735,Luckeesarai
1264756,Losal
1264793,Lonavale
1264794,Lonar
1264839,Lohardaga
1264890,Lingsugur
1264912,Limbdi
1264949,Leteri
1264976,Leh
1264989,Lawar Khas
1265022,Lathi
1265025,Latehar
1265053,Lar
1265143,Lalsot
1265150,Lalpur
1265163,Lalgudi
1265166,Lalgola
1265170,Lalganj
1265201,Lakshmeshwar
1265208,Laksar
1265220,Lakhyabad
1265233,Lakhnadon
1265242,Lakhimpur
1265246,Lakheri
1265310,Laharpur
1265311,Lahar
1265323,Ladwa
1265331,Ladnun
1265354,Lachhmangarh Sikar
1265387,Kuzhithurai
1265400,Koothanallur
1265415,Kutiyana
1265446,Kushtagi
1265504,Kurinjippadi
1265521,Kurduvadi
1265539,Kurandvad
1265555,Kuppam
1265579,Kunnamkulam
1265580,Kunnamangalam
1265591,Kunigal
1265605,Kundla
1265607,Kundgol
1265613,Kundarkhi
1265632,Kunda
1265645,Kumta
1265655,Kumher
1265660,Kumhari
1265670,Kumbhraj
1265709,Kulu
1265711,Kulti
1265716,Kulpahar
1265723,Kulittalai
1265734,Kulgam
1265752,Kukshi
1265767,Kukatpalli
1265773,Kuju
1265795,Kudligi
1265811,Kudachi
1265821,Kuchera
1265828,Kuchaman
1265830,Kuchaiburi
1265852,Krishnarajpet
1265886,Kovvur
1265888,Kovur
1265891,Kovilpatti
1265905,Kotturu
1265938,Kottagudem
1265964,Kotma
1266029,Kotaparh
1266031,Kotamangalam
1266038,Kotagiri
1266051,Kota
1266070,Kosigi
1266087,Kosamba
1266092,Korwai
1266116,Koregaon
1266124,Koratla
1266154,Koppal
1266162,Kopargaon
1266164,Kopaganj
1266178,Konnur
1266179,Konnagar
1266209,Kondapalle
1266216,Kondagaon
1266217,Konch
1266220,Konarka
1266267,Kollegal
1266302,Kolaras
1266322,Colachel
1266330,Kokrajhar
1266372,Koelwar
1266385,Kodungallur
1266390,Kodoli
1266397,Kodinar
1266414,Kodarma
1266416,Kodar
1266425,Kodaikanal
1266436,Koch Bihar
1266448,Koath
1266452,Kizhake Chalakudi
1266461,Kithor
1266475,Kishtwar
1266486,Kishangarh
1266489,Kishanganj
1266509,Kiratpur
1266518,Kinwat
1266575,Kichha
1266596,Khutar
1266607,Khurja
1266620,Khurai
1266622,Khunti
1266649,Khowai
1266666,Khopoli
1266710,Khirkian
1266731,Khilchipur
1266744,Khetri
1266746,Khetia
1266762,Kheri
1266774,Kheralu
1266794,Khekra
1266806,Khed Brahma
1266809,Kheda
1266838,Khatra
1266843,Khatima
1266847,Khategaon
1266849,Khatauli
1266862,Kharupatia
1266872,Kharsia
1266891,Kharkhauda
1266928,Khargon
1266945,Khardah
1266960,Kharar
1266966,Kharakvasla
1266975,Kharagpur
1267006,Khapa
1267016,Khanna
1267031,Khandwa
1267044,Khandela
1267065,Khanapur
1267084,Khamgaon
1267090,Khambhat
1267097,Khamaria
1267115,Khalilabad
1267173,Khairagarh
1267174,Khairagarh
1267175,Khairabad
1267182,Khair
1267187,Khagaul
1267189,Khagaria
1267195,Khadki
1267202,Khada
1267203,Khachrod
1267222,Kesinga
1267226,Keshorai Patan
1267227,Keshod
1267239,Kerur
1267290,Kenda
1267297,Kemri
1267360,Kayankulam
1267361,Kayalpattinam
1267369,Kawardha
1267394,Kavali
1267433,Kattivakkam
1267439,Katras
1267456,Katpadi
1267457,Katoya
1267461,Katol
1267480,Katihar
1267486,Kathua
1267492,Kathor
1267517,Katghora
1267537,Katangi
1267538,Katangi
1267558,Kasrawad
1267588,Kasganj
1267669,Kartarpur
1267675,Karsiyang
1267716,Karmala
1267739,Karkal
1267742,Karjat
1267755,Karimnagar
1267758,Karimganj
1267772,Karhal
1267786,Karera
1267794,Kareli
1267819,Karauli
1267853,Karanja
1267862,Karamsad
1267869,Karamadai
1267885,Karaikkudi
1267887,karaikal
1267904,Karad
1267911,Kapurthala
1267939,Kapadvanj
1267972,Kanth
1267978,Kantabanji
1267979,Kant
1268007,Kannod
1268008,Kanniyakumari
1268011,Kannauj
1268015,Kannangad
1268020,Kannad
1268031,Kanker
1268032,Kanke
1268035,Kankauli
1268059,Kanigiri
1268095,Kangayam
1268111,Kandukur
1268124,Kandla
1268135,Kandi
1268138,Kandhla
1268205,Kamthi
1268214,Kampli
1268246,Cumbum
1268257,Kamarhati
1268259,Kamareddi
1268266,Kaman
1268276,Kamalganj
1268279,Kamakhyanagar
1268293,Kalyani
1268310,Kalugumalai
1268325,Kalpi
1268339,Kalol
1268341,Kalna
1268344,Kalmeshwar
1268360,Kallidaikurichchi
1268376,Kallakkurichchi
1268381,Kalka
1268383,Kaliyaganj
1268434,Kalghatgi
1268450,Kalavad
1268469,Kalanwali
1268476,Kalanaur
1268480,Kalamnuri
1268484,Kalamb
1268495,Kalakkadu
1268567,Kakching
1268593,Kaithal
1268601,Kairana
1268615,Kaimori
1268616,Kaimganj
1268622,Kailashahar
1268624,Kailaras
1268627,Kaikalur
1268651,Kagal
1268662,Kadur
1268667,Kadod
1268673,Kadiri
1268707,Kadayanallur
1268715,Kanchrapara
1268722,Kachhwa
1268739,Kabrai
1268761,Junnar
1268772,Junagarh
1268773,Junagadh
1268775,Jumri Tilaiya
1271399,Dhatkidih
1268799,Jugsalai
1268820,Jorhat
1268823,Jora
1268834,Jolarpettai
1268855,Jogbani
1268863,Jodiya Bandar
1268866,Jodhpur
1268896,Jintur
1268907,Jind
1268929,Jhusi
1268936,Jhunjhunun
1268961,Jhinjhana
1268962,Jhinjhak
1268988,Jharia
1268990,Jhargram
1269012,Jhanjharpur
1269019,Jhalu
1269020,Jhalrapatan
1269026,Jhalida
1269027,Jhalawar
1269042,Jhajjar
1269046,Jha Jha
1269053,Jhabua
1269056,Jewar
1269057,Jevargi
1269065,Jetpur
1269092,Jaypur
1269093,Jaynagar
1269094,Jaynagar-Majilpur
1269102,Jayamkondacholapuram
1269126,Jawad
1269135,Jaunpur
1269153,Jatara
1269154,Jatani
1269158,Jaswantnagar
1269168,Jaspur
1269175,Jasidih
1269177,Jashpurnagar
1269179,Jasdan
1269183,Jarwal
1269217,Jaora
1269227,Jansath
1269247,Jangipur
1269256,Jangaon
1269269,Jandiala
1269280,Jamuria
1269291,Jamui
1269298,Jamtara
1269323,Jammalamadugu
1269328,Jamkhandi
1269350,Jambusar
1269374,Jamalpur
1269377,Jamai
1269379,Jamadoba
1269392,Jalor
1269395,Jalna
1269406,Jalgaon
1269407,Jalgaon
1269413,Jaleshwar
1269415,Jalesar
1269422,Jalaun
1269435,Jalalpur
1269441,Jalali
1269445,Jalalabad
1269446,Jalalabad
1269488,Jaito
1269498,Jaitaran
1269502,Jaisingpur
1269509,Jais
1269545,Jahazpur
1269551,Jahangirabad
1269557,Jahanabad
1269562,Jagtial
1269564,Jagraon
1269570,Jaggayyapeta
1269573,Jagdispur
1269578,Jagdalpur
1269602,Jagalur
1269605,Jagadhri
1269646,Itimadpur
1269653,Itarsi
1269655,Itanagar
1269666,Islampur
1269693,Irinjalakuda
1269731,Indri
1269752,Indergarh
1269761,Indapur
1269784,Ilkal
1269810,Igatpuri
1269819,Idappadi
1269827,Ichchapuram
1269834,Ichalkaranji
1269849,Huvinabadgalli
1269862,Husainabad
1269876,Hungund
1269908,Hukeri
1269927,Howli
1269934,Hosur
1269936,Hoskote
1269937,Hoshiarpur
1269943,Hosdurga
1269970,Honnali
1269976,Honavar
1269979,Homnabad
1269985,Hole Narsipur
1269990,Holalkere
1269993,Hojai
1270021,Hisua
1270032,Hiriyur
1270036,Hirekerur
1270059,Hirakud
1270066,Hinjilikatu
1270072,Hingoli
1270077,Hinganghat
1270079,Hindupur
1270082,Hindoria
1270090,Hindaun
1270099,Himatnagar
1270102,Hilsa
1270185,Hatta
1270245,Hasimara
1270251,Hasanpur
1270265,Harur
1270271,Harsud
1270287,Harpanahalli
1270291,Harpalpur
1270343,Harij
1270349,Harihar
1270375,Harda
1270393,Hapur
1270407,Hanumangarh
1270417,Hansi
1270435,Hangal
1270437,Handia
1270454,Hamirpur
1270455,Hamirpur
1270466,Halvad
1270474,Halol
1270482,Haliyal
1270484,Halisahar
1270509,Haldaur
1270522,Hajo
1270525,Hajipur
1270530,Hailakandi
1270543,Haflong
1270554,Hadgaon
1270568,Habra
1270598,Guskhara
1270612,Guru Har Sahai
1270618,Gursarai
1270619,Gursahaiganj
1270627,Gurmatkal
1270667,Gunupur
1270670,Guntakal
1270674,Gunnaur
1270686,Gundlupet
1270718,Gummidipundi
1270722,Gumla
1270723,Gumia
1270750,Guledagudda
1270752,Gulbarga
1270759,Gulaothi
1270763,Gulabpura
1270787,Guduvancheri
1270791,Gudur
1270801,Gudivada
1270820,Gudalur
1270824,Gubbi
1270845,Goyerkata
1270863,Govardhan
1270926,Gorakhpur
1270947,Gobichettipalayam
1270965,Gopalganj
1270990,Gondia
1271005,Gomoh
1271049,Gola Gokarannath
1271050,Golaghat
1271064,Gokarna
1271067,Gokak
1271079,Gohana
1271083,Gohad
1271107,Godhra
1271113,Godda
1271131,Gobindpur
1271142,Gobardanga
1271151,Goalpara
1271175,Giridih
1271199,Gingee
1271212,Giddarbaha
1271244,Ghugus
1271250,Ghoti Budrukh
1271259,Ghosi
1271306,Ghazipur
1271319,Ghatsila
1271343,Ghatanji
1271345,Ghatampur
1271346,Ghatal
1271363,Gharaunda
1271413,Gevrai
1271453,Gauripur
1271459,Gauribidanur
1271493,Garwa
1271495,Garui
1271533,Gariadhar
1271538,Garhshankar
1271543,Garhmuktesar
1271563,Garhakota
1256312,State of Sikkim
1271631,Gangtok
1271642,Gangolli
1271644,Gangoh
1271662,Gangawati
1271670,Gangarampur
1271675,Gangapur
1271676,Gangapur
1271680,Gangapur
1271685,Ganganagar
1271688,Gangakher
1271722,Gandevi
1271729,Gandarbal
1271780,Gajraula
1271789,Gajendragarh
1271819,Gadwal
1271834,Gadhinglaj
1271839,Gadhada
1271847,Gadarwara
1271871,Fort Gloster
1271874,Forbesganj
1271885,Firozabad
1271888,Ferokh
1271891,Fazilka
1271892,Fatwa
1271910,Fatehpur
1271911,Fatehpur
1271912,Fatehpur
1271923,Fatehgarh Churian
1271934,Fatehabad
1271936,Fatehabad
1271940,Farrukhnagar
1271947,Faridpur
1271949,Faridkot
1271954,Farakka
1271965,Falakata
1271975,Faizpur
1271987,Etawah
1272008,Erraguntla
1272022,Erattupetta
1272025,Erandol
1272045,Emmiganuru
1272052,Elur
1272061,Ellenabad
1272084,Elamanchili
1272101,Egra
1272175,Durgapur
1272177,Durgapur
1272181,Durg
1272201,Dungarpur
1272207,Dundwaraganj
1272225,Dumraon
1272229,Dumra
1272237,Dumka
1272242,Dum Duma
1272243,Dam Dam
1272259,Duliagaon
1272277,Dugda
1272320,Dubrajpur
1272367,Dornakal
1272375,Doraha
1272396,Dongargarh
1272411,Dondaicha
1272423,Dombivli
1272473,Dod Ballapur
1272476,Doda
1272525,Diphu
1272532,Dinhata
1272540,Dindori
1272546,Dinanagar
1272596,Digras
1272606,Diglur
1272610,Dighwara
1272629,Digboi
1272639,Dig
1272640,Didwana
1272646,Dicholi
1272648,Dibrugarh
1272670,Dhuri
1272674,Dhupgari
1272689,Dhulian
1272691,Dhule
1272694,Dhuburi
1272699,Dhrol
1272701,Dhrangadhra
1272720,Dhoraji
1272722,Dhone
1272733,Dholka
1272768,Dhing
1272790,Dhekiajuli
1272802,Dhaurahra
1272805,Dhaulpur
1272819,Dharur
1272842,Dharmavaram
1272847,Dharmapuri
1272852,Dharmanagar
1272856,Dharmadam
1272857,Dharmabad
1272860,Dhariwal
1272861,Dhari
1272873,Dharapuram
1272874,Dharangaon
1272881,Dharampur
1272962,Dhanera
1272970,Dhandhuka
1272983,Dhanaura
1272985,Dhanaula
1272997,Dhamtari
1273002,Dhampur
1273006,Dhamnod
1273043,Dhaka
1273066,Dewas
1273098,Devgarh
1273104,Devgadh Bariya
1273109,Devarkonda
1273123,Devanhalli
1273128,Devakottai
1273136,Deulgaon Raja
1273153,Deshnoke
1273181,Depalpur
1273191,Deori Khas
1273193,Deoria
1273206,Deoranian
1273228,Deoli
1273232,Deolali
1273246,Deogarh
1273272,Denkanikota
1273309,Dehri
1273374,Daund
1273390,Daudnagar
1273397,Dattapur
1273403,Datia
1273409,Dataganj
1273410,Dasua
1273416,Dasna
1273434,Daryapur
1273440,Darwha
1273491,Darbhanga
1273574,Dandeli
1273581,Danapur
1273587,Damoh
1273593,Damnagar
1273626,Daltenganj
1273628,Dalsingh Sarai
1273642,Dalkola
1273665,Dakor
1273687,Dahod
1273704,Dahegam
1273708,Dahanu
1273724,Dadri
1273745,Dabwali
1273751,Dabra
1273756,Daboh
1273766,Dabhoi
1273788,Curchorem
1273793,Cuncolim
1273795,Cumbum
1273834,Coondapoor
1273850,Colonelganj
1273856,Colgong
1273858,Calangute
1273874,Cochin
1273923,Chunar
1273960,Chotila
1273992,Chopda
1274020,Chodavaram
1274021,Chodavaram
1274032,Chittur
1274040,Chittaurgarh
1274043,Chittaranjan
1274077,Chitapur
1274102,Chidawa
1274106,Chirala
1274116,Chipurupalle
1274119,Chiplun
1274129,Chintamani
1274146,Chinna Salem
1274151,Chinnamanur
1274169,Chincholi
1274195,Chillupar
1274213,Chilakalurupet
1274218,Chikodi
1274219,Chiknayakanhalli
1274237,Chikhli
1274243,Chik Ballapur
1274265,Chicholi
1274284,Chhoti Sadri
1274285,Chhota Udepur
1274304,Chhindwara
1274315,Chhibramau
1274342,Chhatapur
1274346,Chharra
1274351,Chhaprauli
1274359,Chhapar
1274381,Chhabra
1274389,Chettipalaiyam
1465802,Anna Nagar
1274394,Chetput
1274422,Chennimalai
1274428,Chengannur
1274429,Chengam
1274430,Chengalpattu
1274468,Chavakkad
1274532,Chaksu
1274536,Chatra
1274553,Chas
1274560,Charthawal
1274571,Charkhi Dadri
1274574,Charkhari
1274618,Chapar
1274640,Channarayapatna
1274641,Channapatna
1274642,Channagiri
1274664,Changanacheri
1274673,Chandvad
1274674,Chandur Bazar
1274675,Chandur
1274676,Chandur
1274693,Chandrapur
1274699,Chandrakona
1274755,Chanderi
1274767,Chandausi
1274770,Chandauli
1274784,Chandannagar
1274807,Chanasma
1274821,Chamrajnagar
1274837,Champa
1274861,Challapalle
1274862,Challakere
1274868,Chalisgaon
1274874,Chalala
1274890,Chakradharpur
1274896,Chaklasi
1274899,Chakia
1274914,Chakan
1274928,Chaibasa
1275004,Kolkata
1275097,Bundu
1275103,Bundi
1275117,Buldana
1275147,Budhlada
1275152,Budhana
1275163,Budaun
1275194,Brajarajnagar
1275218,Botad
1275230,Borsad
1275248,Borivli
1275321,Bongaigaon
1275346,Bolpur
1275362,Bokaro
1275364,Bokajan
1275368,Boisar
1275388,Bodinayakkanur
1275391,Bodhan
1275406,Bobbili
1275435,Biswan
1275441,Bissau
1275462,Bishnupur
1275476,Bisauli
1275481,Bisalpur
1275488,Birur
1275499,Birpur
1275506,Birmitrapur
1275558,Binika
1275572,Bindki
1275582,Etawa
1275589,Belthara
1275590,Bilsi
1275593,Bilsanda
1275614,Bilhaur
1275618,Bilgram
1275619,Bilgi
1275634,Bilaspur
1275641,Bilasipara
1275646,Bilari
1275647,Bilara
1275655,Bikramganj
1275679,Bijnor
1275692,Bijbiara
1275694,Bijawar
1275719,Bihariganj
1275732,Bidhuna
1275762,Biaora
1275768,Bhuvanagiri
1275778,Bhusawal
1275804,Bhum
1275814,Bhudgaon
1275818,Bhuban
1275836,Bhor
1275848,Bhongir
1275849,Bhongaon
1275882,Bhogpur
1275901,Bhiwandi
1275905,Bhitarwar
1275920,Bhinmal
1275921,Bhinga
1275925,Bhindar
1275926,Bhind
1275930,Bhimunipatnam
1275947,Bhimavaram
1275960,Bhilwara
1275977,Bhikhi
1275978,Bhikangaon
1276013,Bhayavadar
1276026,Bhawanigarh
1276027,Bhawaniganj
1276037,Bhavani
1276054,Bhattiprolu
1276067,Bhatkal
1276070,Bhatinda
1276084,Bhatapara
1276092,Bhasawar
1276095,Bharwari
1276100,Bharuch
1276103,Bharthana
1276147,Bhanvad
1276152,Bhanpura
1276159,Bhanjanagar
1276178,Bhander
1276219,Bhalki
1276249,Bhaisa
1276265,Bhainsdehi
1276320,Bhadreswar
1276321,Bhadravati
1276328,Bhadrachalam
1276330,Bhadra
1276335,Bhadohi
1276353,Bhadaur
1276355,Bhadasar
1276370,Bhachau
1276371,Bhabua
1276378,Beypore
1276381,Bewar
1276389,Betul
1276393,Bettiah
1276416,Betamcherla
1276437,Beri Khas
1276449,Berasia
1276455,Beohari
1276478,Bemetara
1276486,Belur
1276495,Belsand
1276502,Belonia
1276548,Beldanga
1276574,Bela
1276600,Behat
1276609,Begusarai
1276615,Begun
1276621,Begamganj
1276634,Beawar
1276642,Bazpur
1276652,Bayana
1276663,Bawana
1276686,Bauda
1276720,Batala
1276724,Baswa
1276731,Basudebpur
1276752,Basoda
1276754,Basni
1276757,Basmat
1276764,Basi
1276765,Basi
1276782,Basavana Bagevadi
1276783,Basavakalyan
1276810,Barwani
1276815,Barwala
1276829,Baruni
1276832,Baruipur
1276856,Barsi
1276870,Barpali
1276895,Barnala
1276901,Barmer
1276919,Barki Saria
1276927,Barka Kana
1276938,Barjala
1276939,Bari Sadri
1276954,Barhiya
1276977,Barh
1276982,Bargi
1277022,Bardoli
1277029,Barddhaman
1277038,Bar Bigha
1277044,Baraut
1277053,Barauli
1277065,Barasat
1276532,Belgharia
1277082,Baranagar
1277085,Baramula
1277100,Barakpur
1277183,Bapatla
1277200,Banur
1277201,Bantval
1277202,Bantva
1277214,Banswara
1277216,Banswada
1277232,Bansi
1277238,Bansdih
1277240,Bansbaria
1277255,Bannur
1277263,Banmankhi
1277273,Banki
1277289,Banka
1277318,Bangarmau
1277320,Bangarapet
1277324,Bangaon
1277330,Banganapalle
1277333,Bangalore
1277426,Banapur
1277442,Bamor Kalan
1277514,Balugaon
1277525,Balrampur
1277527,Balotra
1277530,Baloda Bazar
1277535,Balod
1277539,Bali
1277594,Balharshah
1277557,Ballalpur
1277590,Bali
1277634,Balarampur
1277636,Balapur
1277661,Balaghat
1277666,Balachor
1277684,Bakhtiyarpur
1277723,Baj Baj
1277748,Bairagnia
1277759,Baindur
1277765,Bail Hongal
1277776,Baihar
1277780,Baidyabati
1277799,Bahraich
1277808,Bahjoi
1277814,Baheri
1277820,Baharampur
1277835,Bahadurgarh
1277836,Bahadurganj
1277841,Bah
1277844,Bagula
1277882,Baghpat
1277902,Bagha Purana
1277909,Bagepalli
1277924,Bagasra
1277930,Bagar
1277939,Bagaha
1277949,Badvel
1277950,Baduria
1277970,Badnawar
1277976,Badlapur
1278017,Badami
1278023,Badagara
1278026,Bada Barabil
1278036,Bachhraon
1278052,Babrala
1278054,Babra
1278058,Babina
1278064,Baberu
1278073,Babai
1278083,Azamgarh
1278094,Ayodhya
1278124,Avinashi
1278130,Avadi
1278139,Ausa
1278148,Aurangabad
1278152,Auraiya
1278156,Aurad
1278173,Attur
1278176,Attingal
1278190,Atrauli
1278201,Atmakur
1278204,Adirampattinam
1278208,Athni
1278216,Athagarh
1278228,Atarra
1278278,Asind
1278279,Asika
1278282,Asifabad
1278296,Ashta
1278297,Ashoknagar
1278314,Asansol
1278335,Arvi
1278340,Aruppukkottai
1278345,Arukutti
1278354,Arsikere
1278365,Aron
1278393,Arkalgud
1278432,Arcot
1278446,Araria
1278448,Arantangi
1278454,Arani
1278455,Arangaon
1278458,Arang
1278466,Arambagh
1278471,Arakkonam
1278483,Ara
1278498,Aonla
1278507,Anupshahr
1278508,Anuppur
1278510,Anupgarh
1278532,Anta
1278534,Anshing
1278539,Annur
1278540,Annigeri
1278553,Ankleshwar
1278573,Anjar
1278580,Anjangaon
1278588,Anjad
1278602,Angamali
1278609,Anekal
1278621,Andol
1278622,Anthiyur
1278625,Andippatti
1278667,Anantnag
1278676,Anandpur Sahib
1278685,Anand
1278688,Anakapalle
1278692,Anaimalai
1278698,Amudalavalasa
1278703,Amta
1278707,Amroli
1278708,Amroha
1278715,Amreli
8131497,Amravati Division
1278718,Amravati
1278768,Amli
1278774,Amlagora
1278775,Amla
1278808,Amet
1278815,Ambur
1278827,Ambikapur
1278840,Ambattur
1278841,Ambasamudram
1278862,Ambajogai
1278868,Ambah
1278871,Ambad
1278895,Amarpur
1278899,Amarpatan
1278903,Amarnath
1278931,Amalner
1278935,Amalapuram
1278941,Aluva
1278964,Alot
1278969,Along
1278973,Alnavar
1279005,Alipur
1279023,Aliganj
1279027,Alibag
1279058,Alangulam
1279061,Alangayam
1279064,Alandur
1279066,Alandi
1279068,Aland
1279094,Akot
1279115,Aklera
1279123,Akividu
1279134,Akbarpur
1279135,Akbarpur
1279144,Akaltara
1279147,Akalkot
1279154,Ajra
1279158,Ajnala
1279186,Aizawl
1279219,Ahraura
1279299,Agar
1279306,Afzalpur
1279307,Afzalgarh
1279323,Adur
1279356,Addanki
1279382,Achhnera
1279390,Achalpur
1279394,Abu Road
1279403,Abohar
1279407,Abhayapuri
1344069,Contai
1344377,Haldia
1348562,Srirampur
1348739,Dumjor
1348753,Chakapara
1348775,Mahiari
1348780,Dhulagari
1348785,Panchla
1348818,Nangi
1348820,Pujali
1349041,Monoharpur
1349357,Nabagram
1430991,Soyibug
1445156,Singapur
1445378,Ghatkesar
1462711,Vijayapura
1462733,Adampur
1465622,Porur
1465825,Madipakkam
1254328,Tiruvanmiyur
1465828,Perungudi
1465910,Madambakkam
6324621,Powai
6619347,Navi Mumbai
6941937,Murudeshwara
6943660,Shivaji Nagar
1263215,Meerut
7279602,Gautam Budh Nagar
6954929,Greater Noida
6992326,Mohali
7279595,Pithampur
7279597,Barbil
7279599,Airoli
7279600,Aluva
7279734,Kotkapura
7279735,Muvattupuzha
7279739,Perumbavoor
7279741,Vapi
7279742,Baddi
7279746,Noida
7279747,Bhiwadi
7279752,Mandideep
7279754,Singrauli
7284803,Birpara
7284820,Jaigaon
7302805,Akkarampalle
7302806,Bellampalli
7302808,Chemmumiahpet
7302810,Gaddi Annaram
7302812,Dasnapur
7302825,Kanuru
7302826,Lal Bahadur Nagar
7302828,Malkajgiri
7302829,Mandamarri
7302830,Chinnachowk
7302832,Kyathampalle
7302833,Gajuwaka
7302836,Manuguru
7302838,Kalyandurg
7302844,Ponnur
7302845,Quthbullapur
7302846,Ramanayyapeta
7302847,Palwancha
7302849,Barpeta Road
7302851,Sathupalli
7302853,Yanamalakuduru
7302854,Marigaon
7302855,Naharlagun
7302856,Serilingampalle
7302857,Silapathar
7302859,Lumding Railway Colony
7302860,Aistala
7302861,Ashoknagar Kalyangarh
7302862,Bahula
7645176,Zira
1279176,Ajapura
1264337,Mahuli
1269517,Jaipur
1274609,Chapra
1274353,Chhapra
8199371,Rambagh
6989446,Ramgarh
1163626,Thang
1252668,Ziro
1252702,Zafarabad
1252714,Yol
1252753,Yelbarga
1252756,Yelandur
1252783,Yarada
1252810,Yairipok
1252964,Wangjing
1252998,Wallajahbad
1253024,Waghai
1253052,Wadgaon
1253115,Virpur
1253147,Viraganur
1253162,Vinchia
1253175,Vilattikulam
1253177,Vikravandi
1253186,Vijayapuri
1253217,Vettavalam
1253257,Vengurla
1253328,Vedasandur
1253381,Vartej
1253401,Varca
1253425,Vansada
1253454,Vandalur
1253471,Valpoy
1253481,Vallam
1253490,Valavanur
1253500,Valapattanam
1253504,Valangaiman
1253559,Vaghodia
1253621,Uttukkuli
1253640,Utran
1253694,Uri
1253719,Uppiliyapuram
1253751,Uniara
1253796,Umri
1253815,Umrala
1253898,Ukwa
1253901,Uklana
1253930,Ugu
1253947,Udpura
1253992,Udaigiri
1254025,Turuvekere
1254142,Tsrar Sharif
1254177,Trimbak
1254198,Tral
1254214,Tosham
1254222,Tori Fatehpur
1254231,Topchanchi
1254302,Titron
1254310,Titabar
1254321,Thiruvidaimaruthur
1254367,Tirumullaivasal
1254374,Tirumakudal Narsipur
1254378,Thirukattupalli
1254400,Tirodi
1254415,Tira Sujanpur
1254442,Tindwari
1254513,Tikri
1254590,Thiruvaiyaru
1254608,Theog
1254609,Thenzawl
1254647,Thanna Mandi
1254663,Thandla
1254709,Tezu
1254751,Tendukheda
1254798,Tekanpur
1254832,Tawang
1254842,Tattayyangarpettai
1254925,Tarabha
1254972,Tankara
1255127,Talgram
1255130,Talen
1255146,Talbahat
1255187,Tal
1255283,Swamimalai
1255301,Susner
1255348,Surgana
1255405,Suntikoppa
1255478,Sumbal
1255489,Sultanpur
1255493,Sultanpur
1255584,Suchindram
1255640,Srimushnam
1255708,Sorbhog
1255713,Sorab
1255766,Sonegaon
1255791,Sonamura
1255811,Somvarpet
1255844,Solim
1255887,Sohagi
1255893,Sodpur
1255910,Soalkuchi
1255981,Sitamau
1256053,Sirsa
1256063,Sirpur
1256072,Sirmaur
1256096,Sirathu
1256117,Sinor
1256122,Sini
1256126,Singtam
1256146,Singoli
1256181,Singapperumalkovil
1256206,Sindi
1256245,Simga
1256251,Simaria
1256324,Sikandra
1256367,Sidhpura
1256385,Siddapur
1256414,Shupiyan
1256428,Shravanabelagola
1256450,Shivrajpur
1256469,Shirwal
1256486,Shirgaon
1256574,Shergarh
1256650,Shankargarh
1256676,Sham Churasi
1256708,Shahpura
1256716,Shahpur
1256717,Shahpur
1256718,Shahpur
1256719,Shahpur
1256725,Shahkot
1256734,Shahgarh
1256747,Shahapur
1256796,Serula
1256820,Seorinarayan
1256825,Seoni
1256934,Sayalkudi
1256976,Saurikh
1256990,Satwas
1257004,Sathankulam
1257077,Sasni
1257111,Sarubera
1257156,Sarka Ghat
1257167,Sarila
1257178,Sargur
1257242,Sarangarh
1257263,Saraikela
1257264,Sarai Ekdil
1257277,Sarahan
1257298,Sapatgram
1257313,Sanwer
1257316,Sanvordem
1257325,Santoshpur
1257326,Santokhgarh
1257347,Sanquelim
1257366,Sankheda
1257390,Sanivarsante
1257399,Sanguem
1257479,Sanchi
1257599,Salon
1257611,Saligao
1257703,Sakit
1257737,Saitlaw
1257743,Sairang
1257765,Sailana
1257775,Saidpur
1257887,Sadat
1257901,Sachin
1257908,Sabrum
1257919,Sabathu
1258003,Rudraprayag
1258078,Rohru
1258098,Roha
1258167,Riasi
1258190,Revadanda
1258221,Rengali
1258242,Rehti
1258269,Razole
1258293,Ray
1258367,Ratangarh
1258375,Rasulabad
1258447,Ranir Bazar
1258478,Rani
1258484,Rangpo
1258537,Ranapur
1258590,Rampura
1258596,Rampur
1258635,Ramnagar
1258640,Ramnagar
1258652,Ramkola
1258669,Ramgarh
1258708,Ram Das
1258714,Rambha
1258715,Ramban
1258724,Ramapuram
1258731,Ramanuj Ganj
1258788,Rajur
1258835,Rajnagar
1258867,Rajgarh
1258911,Rajapur
1258914,Rajapur
1258942,Raiwala
1259017,Raia
1259022,Rahon
1259039,Raha
1259047,Raghunathpur
1259072,Radha Kund
1259075,Radaur
1259082,Rabupura
1259094,Queula
1259098,Quepem
1259102,Qazigund
1259158,Purushottampur
1259259,Pullambadi
1259261,Puliyur
1259290,Puduvayal
1259292,Pudur
1259293,Pudur
1259294,Puduppatti
1259337,Pratapgarh
1259412,Ponnampet
1259413,Ponnamaravati
1259505,Pithora
1259540,Pirawa
1259571,Piploda
1259617,Pipalkoti
1259734,Phulpur
1259795,Phariha
1259840,Petlawad
1259853,Perur
1259869,Pernem
1259875,Periyapatti
1259877,Periyanegamam
1259893,Peranamallur
1259898,Peraiyur
1259914,Pennattur
1259924,Pendra
1260009,Pawai
1260038,Patuli
1260046,Patti
1260050,Pattan
1260064,Patrasaer
1260104,Patiali
1260174,Patan
1260176,Patan
1260177,Patan
1260232,Partapur
1260249,Parshadepur
1260275,Parol
1260281,Parnera
1260314,Parichha
1260407,Papparappatti
1260410,Papireddippatti
1260447,Pansemal
1260488,Panhala
1260537,Pandoh
1260548,Pandhana
1260556,Pandaria
1260577,Panchgani
1260600,Panara
1260683,Pallipattu
1260691,Palle
1260693,Pallattur
1260706,Paliyad
1260717,Pali
1260784,Palampur
1260786,Palamedu
1260880,Pahalgam
1260933,Paddhari
1260962,Pachmarhi
1261033,Orchha
1261037,Oran
1261049,Omalur
1261050,Olpad
1261076,Odugattur
1261077,Odlabari
1261107,Nyamati
1261120,Nurpur Kalan
1261124,Nurmahal
1261142,Numaligarh
1261145,Nuh
1261173,North Vanlaiphai
1261208,Nongpoh
1261257,Nizamabad
1261262,Niwari
1261283,Nirsa
1261444,Needamangalam
1261497,Netarhat
1261563,Nazira
1261588,Naya Bazar
1261607,Nawanshahr
1261638,Nawabganj
1261660,Navelim
1261704,Nattarasankottai
1261750,Narsingi
1261768,Naroda
1261806,Narendranagar
1261829,Narayangarh
1261832,Narayanavanam
1261844,Narasingapuram
1261847,Narasimharajapura
1261906,Nannilam
1261911,Nanguneri
1261915,Nangavalli
1261968,Nandgaon
1262020,Namli
1262029,Namchi
1262032,Nambutalai
1262062,Naliya
1262083,Nalagarh
1262134,Naigarhi
1262162,Nagrota
1262168,Nagram
1262183,Nagothana
1262196,Nagireddipalli
1262252,Nagar
1262284,Naduvattam
1262291,Nadigaon
1262300,Nadaun
1262369,Mustafabad
1262392,Musafirkhana
1262403,Murud
1262414,Mursan
1262429,Muri
1262435,Murgud
1262452,Muragacha
1262469,Munirabad
1262504,Mundi
1262567,Mulanur
1262632,Mugma
1262648,Mudukulattur
1262658,Mudigere
1262689,Mowar
1262715,Moth
1262768,Morjim
1262787,Moranha
1262873,Mohpa
1262884,Mohiuddinnagar
1262891,Mohgaon
1262905,Mohanur
1262909,Mohanpur
1262928,Mohan
1263010,Mirik
1263087,Mhasla
1263104,Mettuppalaiyam
1263152,Melukote
1263189,Mehnagar
1263201,Meghraj
1263257,Mayakonda
1263291,Maurawan
1263324,Mattur
1263370,Matheran
1263384,Mataundh
1263418,Masinigudi
1263557,Marandahalli
1263621,Mansar
1263636,Manpur
1263646,Manor
1263648,Manohar Thana
1263651,Manoharpur
1263677,Mankapur
1263692,Manjeshwara
1263715,Manikpur
1263764,Mangawan
1263776,Mangan
1263795,Mangalam
1263850,Mandleshwar
1263880,Mandawar
1263888,Mandasa
1263918,Mandal
1263937,Manchar
1263942,Manavalakurichi
1263966,Manalurpettai
1263983,Mamit
1264033,Malpur
1264041,Mallur
1264050,Mallapuram
1264070,Malkera
1264074,Malkapur
1264099,Malhargarh
1264215,Makhu
1264217,Makhjan
1264241,Majitha
1264244,Majholi
1264285,Mairang
1264297,Maindargi
1264310,Mailani
1264322,Maibong
1264331,Mahur
1264351,Mahroni
1264434,Maharajganj
1264435,Maharajganj
1264490,Mahaban
1264491,Mahabaleshwar
1264513,Magam
1264525,Madugula
1264567,Madhogarh
1264568,Madhogarh
1264569,Madhoganj
1264614,Madanpur
1264653,Machalpur
1264757,Lormi
1264792,Londa
1264816,Lohogaon
1264829,Loharu
1264850,Lohaghat
1264860,Lodhikheda
1265041,Lasalgaon
1265074,Lansdowne
1265085,Lanja
1265190,Lala
1265205,Lakshettipet
1265225,Lakhtar
1265234,Lakhna
1265239,Lakhipur
1265240,Lakhipur
1265376,Kyelang
1265403,Kuttalam
1265452,Kushalgarh
1265472,Kurud
1265515,Kurgunta
1265534,Kurara
1265577,Kunnattur
1265646,Kumsi
1265697,Kumaralingam
1265740,Kulattur
1265809,Kudal
1265815,Kud
1265896,Kovalam
1265901,Kotwa
1265923,Kottapalli
1265933,Kottaiyur
1265954,Kotra
1265972,Kot Khai
1265974,Kot Isa Khan
1265983,Kothi
1265996,Kothapet
1266028,Kotar
1266050,Kota
1266126,Koratagere
1266141,Koradih
1266144,Koradachcheri
1266155,Koppa
1266189,Konganapuram
1266210,Kondalwadi
1266222,Konanur
1266240,Kombai
1266387,Kodumudi
1266392,Kodlipet
1266402,Kodigenahalli
1266422,Kodala
1266433,Kochinda
1266477,Kishni
1266481,Kishanpur
1266484,Kishangarh
1266503,Kiri Buru
1266512,Kiranur
1266513,Kiranur
1266516,Kirakat
1266540,Kilvelur
1266598,Khusropur
1266631,Khuldabad
1266632,Khujner
1266640,Khudaganj
1266668,Khonsa
1266787,Khem Karan
1266813,Khed
1266814,Khed
1266821,Khawhai
1266829,Khaur
1266873,Kharsawan
1266882,Kharod
1266892,Kharkhauda
1266924,Kharhial
1266926,Khargupur
1266931,Khargapur
1266937,Kharela
1266962,Kharar
1267014,Khanpur
1267015,Khanpur
1267083,Khamharia
1267105,Khamanon
1267112,Khallikot
1267185,Khailar
1267190,Khaga
1267280,Kenduadih
1267331,Kelamangalam
1267357,Kayattar
1267370,Kawant
1267385,Kaverippattanam
1267390,Kavaratti
1267428,Kattuputtur
1267448,Katra
1267449,Katra
1267454,Katpur
1267481,Kati
1267605,Kasauli
1267660,Karumbakkam
1267680,Karrapur
1267745,Kariapatti
1267754,Karimpur
1267776,Kargil
1267827,Karari
1267867,Karambakkudi
1267919,Kaptanganj
1267964,Kantilo
1268001,Kanor
1268004,Kanodar
1268022,Kankon
1268024,Kankipadu
1268084,Kangra
1268114,Kandri
1268116,Kandra
1268197,Kanadukattan
1268202,Kamuthi
1268215,Kampil
1268271,Kamalpur
1268277,Kamalapuram
1268308,Kalundri
1268355,Kallupatti
1268398,Kalina Khas
1268399,Kalinagar
1268408,Kalikapur
1268449,Kalavai
1268460,Kalas
1268475,Kalanaur
1268504,Kalaikunda
1268510,Kalagarh
1268513,Kaladhungi
1268610,Kaintaragarh
1268677,Kadipur
1268686,Kadaura
1268693,Kadambur
1268754,Jutogh
1268785,Julana Shadipur
1268802,Jubbal
1268806,Jua
1268814,Joshimath
1268849,Jogindarnagar
1268851,Jogighopa
1268874,Jobner
1268875,Jobat
1268893,Jiran
1269064,Jetpur
1269070,Jetalsar
1269087,Jejuri
1269106,Jawhar
1269110,Jawar
1269119,Jawala Mukhi
1269165,Jasrana
1269267,Jandiala Guru
1269410,Jalgaon
1269449,Jalakandapuram
1269470,Jakhal
1269495,Jaithari
1269503,Jaisinghnagar
1269525,Jainpur
1269548,Jahangirpur
1269555,Jahanabad
1269567,Jagnair
1269592,Jagannathpur
1269652,Itaunja
1269685,Isagarh
1269782,Iluppur
1269792,Ilampillai
1269801,Iklehra
1269805,Ikauna
1269809,Iglas
1269811,Idukki
1269824,Ichhawar
1269945,Hosangadi
1269946,Hosanagara
1269947,Hosakote
1270048,Hirapur
1270056,Hiranagar
1270118,Hesla
1270127,Herbertpur
1270151,Heggadadevankote
1270192,Hatod
1270232,Hata
1270252,Hasanpur
1270286,Harrai
1270304,Harnai
1270336,Haringhata
1270357,Hariana
1270364,Harduaganj
1270391,Haraiya
1270413,Hansot
1270504,Haldibari
1270523,Hajipur
1270529,Hajan
1270576,Gyanpur
1270640,Gurh
1270774,Guirim
1270779,Guhagar
1270789,Gudur
1270806,Gudibanda
1270818,Gudari
1270827,Gua
1270854,Govindgarh
1270856,Govindgarh
1270888,Goshaingaon
1270895,Gosainganj
1270898,Gorur
1270914,Goregaon
1270944,Gopinathpur
1270951,Gopamau
1270952,Gopalur
1270961,Gopalpur
1271047,Golakganj
1271052,Gola Bazar
1271074,Gohpur
1271078,Gohand
1271093,Gogapur
1271130,Gobindpur
1271146,Goa Velha
1271215,Gidam
1271264,Ghorawal
1271285,Ghogha
1271295,Ghiror
1271361,Gharghoda
1271374,Ghansor
1271386,Ghanaur
1271393,Ghumarwin
1271444,Gawan
1271449,Gautampura
1271464,Gaurela
1271534,Gariaband
1271551,Garhi Pukhta
1271575,Garhdiwala
1271582,Garautha
1271616,Ganj Muradabad
1271621,Ganjam
1271663,Gangavalli
1271692,Gangaikondan
1271714,Gandhi Nagar
1271734,Gandai
1271771,Galiakot
1271813,Gagret
1271902,Fatehpur Chaurasi
1271925,Fatehgarh
1271939,Farrukhnagar
1271948,Faridnagar
1271984,Ettaiyapuram
1272001,Erumaippatti
1272023,Eraniel
1272027,Eral
1272053,Elumalai
1272074,Elayirampannai
1272156,Dusi
1272202,Dungarpur
1272302,Dudhi
1272307,Dudhani
1272358,Dostpur
1272400,Dongargaon
1272444,Doiwala
1272446,Dohrighat
1272453,Dogadda
1272508,Dispur
1272517,Dirba
1272625,Digha
1272634,Digapahandi
1272660,Dhuwaran
1272744,Dhola
1272771,Dhilwan
1272783,Dhemaji
1272864,Dharchula
1272878,Dharampuri
1272902,Dhanwar
1272996,Dhana
1273033,Dhali
1273077,Dewa
1273119,Devaprayag
1273132,Devadanappatti
1273145,Desur
1273166,Dergaon
1273172,Dera Gopipur
1273173,Dera Nanak
1273201,Deori
1273304,Dehu
1273347,Debipur
1273358,Dayal Bagh
1273367,Davorlim
1273371,Daurala
1273377,Daulatpur
1273378,Daulatpur
1273379,Daulatpur
1273463,Darlawn
1273473,Dariba
1273534,Dankaur
1273637,Dalmau
1273648,Dalhousie
1273673,Daitari
1273765,Dabhol
1273784,Curti
1273817,Cortalim
1273847,Colva
1273848,Colovale
1273943,Vikasnagar
1273954,Chuari Khas
1273978,Chorhat
1273993,Chopan
1274006,Cholapuram
1274055,Chitrakonda
1274098,Chiria
1274099,Chirgaon
1274172,Chinchinim
1274175,Chinchani
1274229,Chikitigarh
1274235,Chikhli
1274267,Chichli
1274270,Chicalim
1274278,Chhuikhadan
1274380,Chhachhrauli
1274383,Cheyyur
1274406,Cherrapunji
1274450,Chelakara
1274457,Chechat
1274491,Chaupal
1274547,Chatakonda
1274735,Chandla
1274743,Chandil
1274747,Chandia
1274761,Chandbali
1274822,Champua
1274834,Champahati
1274881,Chakulia
1274886,Chakrata
1274900,Chakia
1274927,Chail
1274954,Chabua
1274961,Cavelossim
1274974,Carapur
1274989,Candolim
1275053,Buriya
1275132,Buguda
1275334,Bomdila
1275354,Bolanikhodan
1275363,Bokakhat
1275384,Bodri
1275426,Bithur
1275463,Bishnupur
1275466,Bishnah
1275474,Bisenda Buzurg
1275526,Birbhaddar
1275601,Biloli
1275609,Bilkha
1275631,Bilaspur
1275633,Bilaspur
1275635,Bilaspur
1275645,Bilariaganj
1275661,Bikapur
1275674,Bijroni
1275682,Bijni
1275713,Bihpuriagaon
1275722,Bighapur
1275826,Bhowali
1275859,Bholath
1275866,Bhojudih
1275931,Bhim Tal
1275980,Bhigvan
1276079,Bhatgaon
1276275,Bhagwantnagar
1276358,Bhadarwah
1276374,Bhabhra
1276400,Betma
1276419,Beswan
1276463,Beniganj
1276472,Benaulim
1276487,Belur
1276491,Beltangadi
1276506,Belluru
1276520,Beliator
1276568,Belaguntha
1276616,Begowal
1276697,Batoti
1276728,Basugaon
1276756,Basna
1276788,Basar
1276819,Barwadih
1276857,Barsana
1276869,Barpathar
1276917,Barkot
1276922,Barkhera
1276932,Barjora
1276945,Bariarpur
1276955,patamda
1276956,Barhi
1276983,Barghat
1277134,Baragaon
1277135,Baragaon
1277155,Bara Bazar
1277235,Bansgaon
1277294,Banjar
1277297,Banihal
1277353,Bandora
1277408,Banavar
1277450,Bamora
1277455,Bamnia
1277476,Bamboo Flat
1277477,Bambolim
1277533,Baloda
1277570,Balimela
1277581,Bali Chak
1277613,Baldeogarh
1277614,Baldeo
1277671,Bakswaho
1277675,Bakreswar
1277681,Bakloh
1277695,Bakewar
1277699,Bakani
1277716,Bajna
1277769,Baikunthpur
1277770,Baikanthpur
1277793,Bahua
1277795,Bahsuma
1277863,Bagra
1277874,Bagli
1277905,Bagh
1277992,Badhni Kalan
1278006,Badarwas
1278008,Badarpur
1278035,Bachhrawan
1278051,Babugarh
1278090,Ayyampettai
1278103,Awantipur
1278142,Auras
1278182,Attayyampatti
1278189,Atraulia
1278223,Ateli
1278290,Ashti
1278308,Asarganj
1278344,Arumbavur
1278373,Arnia
1278389,Arki
1278409,Arimalam
1278433,Aravankadu
1278464,Arambol
1278515,Antu
1278516,Antri
1278541,Annavasal
1278546,Annamalainagar
1278551,Ankola
1278682,Anandnagar
1278751,Ammapettai
1278752,Ammapettai
1278758,Amloh
1278796,Amguri
1278805,Amethi
1278806,Amethi
1278842,Ambasa
1278867,Ambahta
1278869,Ambagarh Chauki
1278889,Amarwara
1278897,Amarpur
1278905,Amarkantak
1278921,Amanpur
1278923,Amanganj
1278943,Alwar Tirunagari
1278953,Alur
1278987,Allapalli
1279045,Aldona
1279050,Alawalpur
1279056,Alappakkam
1279059,Alangudi
1279062,Alanganallur
1279072,Alampur
1279074,Alampur
1279084,Alagapuram
1279110,Akodia
1279126,Akhnur
1279148,Akalgarh
1279161,Ajjampur
1279181,Ajaigarh
1279213,Ahwa
1279225,Ahmadpur
1279237,Ahiri
1279318,Aduthurai
1279373,Adalaj
1279405,Abiramam
1348581,Haripur
1348583,Kesabpur
1348600,Ramchandrapur
1348615,Bagnan
1348671,Ramnagar
1348676,Sankarpur
1348694,Begampur
1348734,Parbatipur
1348737,Bhandardaha
1348742,Krishnapur
1348776,Masila
1348788,Sahapur
1348789,Raghudebbati
1348791,Gobindapur
1348870,Amtala
1348872,Bawali
1348942,Balarampur
1348944,Jafarpur
1348947,Serpur
1349047,Solap
1349090,Harindanga
1349229,Gurdaha
1349247,Ula
1349263,Gopalpur
1349355,Raypur
1431732,Jaurian
1436610,Chima
1436767,Kheri Sampla
1439622,Gho Manhasan
1441210,Chhutmalpur
1442037,Borkhera
1445310,Balapur
1445624,Chandur
1465595,Chinnasekkadu
1465624,Manappakkam
1465868,Vengavasal
1465879,Nandambakkam
1466027,Vellanur
6268046,Kupwara
6269526,Technopark
6620455,Auroville
6621344,Puttaparthi
6697165,Canacona
6941535,Chowari
7117985,Banbasa
7180617,vadlamuru
7279750,Parwanoo
7279751,Jorethang
7283585,Edakkulam
7283587,Avanoor
7287889,Palackattumala
7290413,Pitampura
7302453,Vagator